<Ui xmlns="http://www.blizzard.com/wow/ui/" xmlns:xsi="http://www.w3.org/2001/XMLSchema-instance" xsi:schemaLocation="http://www.blizzard.com/wow/ui/ ..FrameXMLUI.xsd">

    <Script file="Guides/RestedXP Alliance 1-11 NightElf.lua"/>
	<Script file="Guides/RestedXP Alliance 1-14 Human.lua"/>
	<Script file="Guides/RestedXP Alliance 1-14 Dwarf-Gnome.lua"/>
    <Script file="Guides/RestedXP Alliance 1-23 Draenei.lua"/>
	<Script file="Guides/RestedXP Alliance 11-23.lua"/>
    <Script file="Guides/RestedXP Alliance 23-30.lua"/>
	<Script file="Guides/RestedXP Alliance Boosted 58-60.lua"/>
	<Script file="Guides/Alliance.lua"/>

    <Script file="Guides/RestedXP Horde 1-6 Undead.lua"/>
	<Script file="Guides/RestedXP Horde 1-10 Tauren.lua"/>
	<Script file="Guides/RestedXP Horde 1-13 Troll-Orc.lua"/>
	<Script file="Guides/RestedXP Horde 1-20 BloodElf.lua"/>
	<Script file="Guides/RestedXP Horde 13-23 Barrens.lua"/>
	<Script file="Guides/RestedXP Horde 20-30.lua"/>
	<Script file="Guides/RestedXP Horde Boosted 58-60.lua"/>
    <Script file="Guides/Horde.lua"/>
    <Script file="Guides/Deathknight.lua"/>
    
	<Script file="Guides/Custom.lua"/>
    <Script file="Guides/farmguides.lua"/>
    <Script file="Guides/Mining.lua"/>
    <Script file="Guides/Herbalism.lua"/>
    <Script file="Guides/Skinning.lua"/>

    <Script file="Guides/Import.lua"/>
</Ui>
