<Ui xmlns="http://www.blizzard.com/wow/ui/" xmlns:xsi="http://www.w3.org/2001/XMLSchema-instance" xsi:schemaLocation="http://www.blizzard.com/wow/ui/
..\FrameXML\UI.xsd">
  <Script file="HereBeDragons\LibStub\LibStub.lua"/>
  <Script file="HereBeDragons\CallbackHandler-1.0\CallbackHandler-1.0.lua"/>
  <Include file="AceEvent-3.0\AceEvent-3.0.xml"/>
  <Script file="AceDB-3.0\AceDB-3.0.lua"/>
  <Include file="AceAddon-3.0\AceAddon-3.0.xml"/>
  <Include file="AceGUI-3.0\AceGUI-3.0.xml"/>
  <Include file="AceConfig-3.0\AceConfig-3.0.xml"/>
  <Include file="AceComm-3.0\AceComm-3.0.xml"/>
  <Include file="AceSerializer-3.0\AceSerializer-3.0.xml"/>
  <Include file="AceConsole-3.0\AceConsole-3.0.xml"/>
  <Include file="AceLocale-3.0\AceLocale-3.0.xml"/>
  <Script file="HereBeDragons\HereBeDragons-2.0.lua"/>
  <Script file="HereBeDragons\HereBeDragons-Pins-2.0.lua"/>
  <Script file="plc\base64.lua"/>
  <Include file="LibDeflate\lib.xml"/>
  <Include file="LibCandyBar-3.0\lib.xml"/>
</Ui>
